time,latitude,longitude,depth,mag,magType,nst,gap,dmin,rms,net,id,updated,place,type,horizontalError,depthError,magError,magNst,status,locationSource,magSource
2025-07-21T22:01:10.410Z,39.1389,139.8246,128.458,4.5,mb,26,157,2.889,0.93,us,us6000qu0n,2025-07-22T01:35:15.040Z,"16 km NNW of Yuza, Japan",earthquake,11.8,10.182,0.127,18,reviewed,us,us
2025-07-21T06:05:53.004Z,41.9491,142.5911,62.566,4.3,mb,68,107,0.427,0.51,us,us7000qe7a,2025-07-21T17:59:57.040Z,"27 km SW of Urakawa, Japan",earthquake,7.72,7.023,0.074,52,reviewed,us,us
2025-07-20T01:34:13.327Z,28.8049,129.8851,10,4.5,mb,31,179,2.426,0.83,us,us7000qdx5,2025-07-20T01:55:22.040Z,"48 km NE of Tatsugō, Japan",earthquake,10.48,1.956,0.094,33,reviewed,us,us
2025-07-18T09:19:13.297Z,27.7642,139.6243,503.052,4.6,mb,110,51,2.371,0.63,us,us7000qddt,2025-07-18T09:35:37.040Z,"Bonin Islands, Japan region",earthquake,10.51,7.675,0.026,455,reviewed,us,us
2025-07-17T18:44:11.546Z,41.2263,142.9444,53.615,4.8,mb,60,135,0.804,0.74,us,us7000qd9q,2025-07-17T19:13:26.040Z,"100 km S of Honchō, Japan",earthquake,5.53,4.753,0.053,109,reviewed,us,us
2025-07-17T08:03:30.918Z,25.7637,125.8405,88.801,4.8,mb,91,91,2.005,0.68,us,us7000qd64,2025-07-17T08:28:05.040Z,"119 km NNE of Hirara, Japan",earthquake,7.85,7.35,0.066,70,reviewed,us,us
2025-07-16T12:48:35.987Z,32.5075,137.4537,383.911,4.4,mb,73,69,2.078,0.77,us,us7000qczb,2025-07-17T04:23:22.040Z,"189 km SE of Kushimoto, Japan",earthquake,6.35,7.734,0.056,91,reviewed,us,us
2025-07-16T02:12:09.578Z,42.0227,139.4476,194.301,4.7,mb,53,55,1.731,0.75,us,us7000qcxi,2025-07-16T22:32:45.128Z,"57 km W of Otobe, Japan",earthquake,8.54,8.46,0.08,47,reviewed,us,us
2025-07-15T17:15:25.883Z,29.2567,129.4337,10,5.2,mb,77,79,2.411,0.77,us,us7000qctb,2025-07-15T17:42:07.040Z,"90 km N of Tatsugō, Japan",earthquake,6.1,1.804,0.074,66,reviewed,us,us
2025-07-15T14:47:11.812Z,36.4657,140.5703,64.392,4.9,mww,212,42,1.904,0.63,us,us7000qcsr,2025-07-18T13:28:30.034Z,"0 km ESE of Funaishikawa, Japan",earthquake,6.44,5.096,0.089,12,reviewed,us,us
2025-07-15T04:20:00.711Z,29.3199,129.4637,10,5.2,mww,62,85,2.343,0.82,us,us7000qcqt,2025-07-15T04:32:36.040Z,"97 km N of Tatsugō, Japan",earthquake,7.65,1.892,0.08,15,reviewed,us,us
2025-07-14T16:53:18.432Z,30.3071,140.8477,10,4.8,mb,78,100,2.935,0.79,us,us7000qcln,2025-07-14T17:52:05.040Z,"Izu Islands, Japan region",earthquake,8.68,1.855,0.043,169,reviewed,us,us
2025-07-13T23:32:15.783Z,29.3319,129.5466,10,4.5,mb,45,119,2.307,0.45,us,us7000qchf,2025-07-14T05:05:14.040Z,"97 km N of Tatsugō, Japan",earthquake,8.44,1.903,0.089,37,reviewed,us,us
2025-07-13T18:36:45.071Z,28.1811,131.0871,10,4.4,mb,27,138,2.355,0.93,us,us7000qcg8,2025-07-13T19:13:50.040Z,"148 km ESE of Tatsugō, Japan",earthquake,5.86,1.905,0.155,12,reviewed,us,us
2025-07-13T14:22:47.233Z,29.2856,129.4932,61.888,4.8,mb,31,108,2.366,1.09,us,us7000qcf5,2025-07-13T14:49:25.040Z,"93 km N of Tatsugō, Japan",earthquake,8.62,9.275,0.051,118,reviewed,us,us
2025-07-13T11:28:56.997Z,29.249,129.6436,10,5,mb,79,66,2.359,0.9,us,us7000qceh,2025-07-13T11:47:24.040Z,"88 km N of Tatsugō, Japan",earthquake,6.1,1.847,0.032,301,reviewed,us,us
2025-07-13T11:19:33.906Z,29.2705,129.6559,10,5,mww,88,93,2.335,0.85,us,us7000qceg,2025-07-13T11:37:59.040Z,"91 km N of Tatsugō, Japan",earthquake,6.52,1.854,0.071,19,reviewed,us,us
2025-07-13T10:46:42.995Z,36.0735,142.505,10,4.6,mb,55,126,3.501,0.78,us,us7000qce9,2025-07-13T11:07:19.040Z,"155 km ENE of Hasaki, Japan",earthquake,7.76,1.878,0.065,71,reviewed,us,us
2025-07-12T02:01:23.164Z,29.3294,129.4515,10,5,mb,47,90,5.789,0.9,us,us7000qc6r,2025-07-12T02:27:37.040Z,"98 km N of Tatsugō, Japan",earthquake,8.62,1.865,0.046,154,reviewed,us,us
2025-07-12T02:00:45.747Z,29.362,129.3745,10,4.8,mb,33,109,2.334,0.92,us,us7000qc6p,2025-07-12T02:35:31.040Z,"103 km NNW of Tatsugō, Japan",earthquake,7.73,1.902,0.111,25,reviewed,us,us
2025-07-12T01:07:35.959Z,41.5581,141.9449,66.169,4.3,mb,39,148,1.015,0.71,us,us7000qc6i,2025-07-12T02:13:34.040Z,"67 km ENE of Mutsu, Japan",earthquake,7.01,10.267,0.104,26,reviewed,us,us
2025-07-11T18:44:00.104Z,42.6833,143.1997,21.046,4.2,mb,49,124,0.669,0.65,us,us7000qc4t,2025-07-11T21:00:36.040Z,"3 km NNE of Sarabetsu, Japan",earthquake,6.43,5.471,0.093,33,reviewed,us,us
2025-07-11T10:58:19.957Z,24.0468,125.8735,10,4.4,mwr,48,116,1.532,0.69,us,us7000qc08,2025-07-16T10:15:48.040Z,"100 km SE of Miyakojima, Japan",earthquake,7.94,1.901,0.093,11,reviewed,us,us
2025-07-11T07:30:16.677Z,29.3552,129.3198,10,4.8,mww,43,73,2.359,0.77,us,us7000qbza,2025-07-11T07:51:38.040Z,"103 km NNW of Tatsugō, Japan",earthquake,7.56,1.885,0.098,10,reviewed,us,us
2025-07-11T07:21:39.552Z,29.3195,129.1987,10,5,mb,36,105,2.436,1.15,us,us7000qbz8,2025-07-11T07:45:42.040Z,"104 km NNW of Tatsugō, Japan",earthquake,7.18,1.791,0.055,104,reviewed,us,us
2025-07-11T07:09:08.878Z,29.2165,129.5004,10,4.6,mb,43,106,2.429,1.23,us,us7000qbz9,2025-07-11T08:19:16.040Z,"85 km N of Tatsugō, Japan",earthquake,5.79,1.896,0.092,35,reviewed,us,us
2025-07-11T01:06:09.236Z,29.298,129.4968,10,4.6,mb,25,129,2.353,0.93,us,us7000qby6,2025-07-11T02:12:43.040Z,"94 km N of Tatsugō, Japan",earthquake,8.12,1.903,0.136,16,reviewed,us,us
2025-07-10T18:59:28.380Z,29.2973,129.6959,10,4.4,mb,43,114,2.299,0.84,us,us7000qbw9,2025-07-11T12:54:01.040Z,"94 km N of Tatsugō, Japan",earthquake,7.35,1.912,0.098,30,reviewed,us,us
2025-07-09T16:08:21.821Z,30.7318,140.0771,10,4.7,mb,85,99,2.387,1.06,us,us7000qbm3,2025-07-22T23:03:23.040Z,"Izu Islands, Japan region",earthquake,8.89,1.842,0.066,69,reviewed,us,us
2025-07-09T12:32:00.003Z,30.5987,140.1314,10,5.3,mww,103,91,2.523,1.09,us,us7000qbk1,2025-07-09T12:47:48.040Z,"Izu Islands, Japan region",earthquake,8.46,1.848,0.069,20,reviewed,us,us
2025-07-09T11:59:15.523Z,30.5609,140.2958,79.825,4.6,mb,23,101,2.579,0.92,us,us7000qbjt,2025-07-10T05:06:56.040Z,"Izu Islands, Japan region",earthquake,10.99,1.454,0.146,14,reviewed,us,us
2025-07-09T02:21:39.917Z,37.5912,144.3197,10,4.9,mb,65,126,4.073,1.04,us,us7000qbhs,2025-07-09T02:40:13.040Z,"269 km ESE of Onagawa Chō, Japan",earthquake,8.61,1.867,0.032,307,reviewed,us,us
2025-07-08T04:45:37.871Z,41.8325,140.6986,133.704,4,mb,36,128,1.078,0.51,us,us7000qba5,2025-07-17T05:15:21.040Z,"4 km ENE of Kamiiso, Japan",earthquake,9.12,12.223,0.108,23,reviewed,us,us
2025-07-08T02:00:13.430Z,29.2939,129.3833,10,4.8,mww,64,107,2.393,0.62,us,us7000qb9r,2025-07-17T05:05:04.996Z,"95 km NNW of Tatsugō, Japan",earthquake,5.79,1.885,0.11,8,reviewed,us,us
2025-07-07T21:16:12.317Z,29.6088,129.5316,10,4.4,mb,33,111,2.054,0.55,us,us7000qdg7,2025-07-21T00:38:02.040Z,"113 km SW of Kurio, Japan",earthquake,7.26,1.875,0.117,21,reviewed,us,us
2025-07-07T20:34:26.760Z,29.6596,129.7262,10,4.5,mb,43,115,1.947,0.94,us,us7000qb8g,2025-07-18T19:16:59.040Z,"95 km SW of Kurio, Japan",earthquake,7.48,1.898,0.104,27,reviewed,us,us
2025-07-07T13:48:54.633Z,29.8986,139.0415,415.572,4,mb,98,86,3.274,0.79,us,us7000qb5a,2025-07-20T16:46:04.040Z,"Izu Islands, Japan region",earthquake,9.04,8.332,0.059,78,reviewed,us,us
2025-07-07T08:29:54.319Z,42.8674,144.9422,106.754,4.4,mb,124,139,1.572,0.48,us,us7000qb3u,2025-07-07T14:19:14.040Z,"20 km SSE of Akkeshi, Japan",earthquake,9.19,7.132,0.046,138,reviewed,us,us
2025-07-07T06:55:31.032Z,41.6389,142.9636,44.302,4.1,mb,51,155,0.402,0.45,us,us7000qb3j,2025-07-07T15:23:50.040Z,"54 km S of Honchō, Japan",earthquake,7.32,8.393,0.093,32,reviewed,us,us
2025-07-07T03:02:15.092Z,29.3269,129.444,10,4.8,mww,74,108,2.343,0.61,us,us7000qb2x,2025-07-21T00:50:51.040Z,"98 km N of Tatsugō, Japan",earthquake,7.25,1.874,0.093,11,reviewed,us,us
2025-07-06T15:12:07.253Z,29.2855,129.6924,10,4.9,mb,43,113,2.312,0.98,us,us7000qb0k,2025-07-06T15:29:26.040Z,"93 km N of Tatsugō, Japan",earthquake,7.94,1.875,0.067,70,reviewed,us,us
2025-07-06T15:08:47.396Z,29.3457,129.4805,10,4.7,mb,24,127,2.314,0.58,us,us7000qb0l,2025-07-06T15:33:39.040Z,"99 km N of Tatsugō, Japan",earthquake,9.63,1.901,0.069,71,reviewed,us,us
2025-07-06T14:50:43.425Z,29.2972,129.4884,10,4.7,mb,32,127,2.357,0.84,us,us7000qb0g,2025-07-06T16:28:42.040Z,"94 km N of Tatsugō, Japan",earthquake,9.17,1.898,0.061,82,reviewed,us,us
2025-07-06T14:44:00.347Z,29.3582,129.3978,10,4.6,mb,28,124,2.329,0.93,us,us7000qb0e,2025-07-06T15:20:56.040Z,"102 km N of Tatsugō, Japan",earthquake,7.87,1.909,0.116,26,reviewed,us,us
2025-07-06T05:07:02.773Z,29.3449,129.5448,10,5.4,mww,102,82,2.295,1.02,us,us7000qayf,2025-07-18T12:10:36.662Z,"99 km N of Tatsugō, Japan",earthquake,6.32,1.818,0.052,35,reviewed,us,us
2025-07-06T05:01:21.369Z,29.3596,129.4634,10,4.9,mww,71,87,2.306,0.61,us,us7000qaye,2025-07-18T11:51:05.040Z,"101 km N of Tatsugō, Japan",earthquake,6.95,1.871,0.098,10,reviewed,us,us
2025-07-06T04:25:13.254Z,29.3508,129.3852,10,4.5,mb,31,128,2.34,0.6,us,us7000qay5,2025-07-10T03:56:54.040Z,"102 km NNW of Tatsugō, Japan",earthquake,9.96,1.892,0.088,38,reviewed,us,us
2025-07-06T04:19:52.345Z,29.3712,129.4406,10,4.5,mb,29,127,2.303,0.57,us,us7000qay2,2025-07-10T03:44:12.040Z,"103 km N of Tatsugō, Japan",earthquake,6.95,1.907,0.109,25,reviewed,us,us
2025-07-06T03:49:45.053Z,29.4165,129.3285,10,4.3,mb,15,121,2.3,0.71,us,us7000qay0,2025-07-10T03:34:54.040Z,"110 km NNW of Tatsugō, Japan",earthquake,7.34,1.936,0.177,9,reviewed,us,us
2025-07-05T16:57:13.087Z,29.2807,129.4124,10,4.6,mb,82,107,2.396,0.43,us,us7000qauv,2025-07-05T17:59:56.040Z,"93 km NNW of Tatsugō, Japan",earthquake,8.33,1.865,0.058,90,reviewed,us,us
2025-07-05T07:16:36.357Z,29.276,129.5229,10,4.5,mb,60,91,2.366,0.55,us,us7000qat4,2025-07-20T12:05:53.040Z,"91 km N of Tatsugō, Japan",earthquake,7.19,1.873,0.084,42,reviewed,us,us
2025-07-05T03:47:41.260Z,29.3009,129.5306,10,4.9,mb,55,121,2.341,1.06,us,us7000qasl,2025-07-05T21:39:40.040Z,"94 km N of Tatsugō, Japan",earthquake,7.99,1.877,0.04,195,reviewed,us,us
2025-07-04T21:29:39.130Z,29.3862,129.3214,10,5.4,mww,103,49,2.331,0.71,us,us7000qarl,2025-07-19T00:48:19.851Z,"107 km NNW of Tatsugō, Japan",earthquake,7.08,1.816,0.058,29,reviewed,us,us
2025-07-04T18:44:36.813Z,29.3584,129.4948,10,4.7,mb,57,109,2.298,0.85,us,us7000qaqh,2025-07-04T19:22:43.040Z,"101 km N of Tatsugō, Japan",earthquake,5.28,1.873,0.046,142,reviewed,us,us
2025-07-04T18:14:36.099Z,36.6365,142.1471,35,4.8,mww,69,98,3.171,0.91,us,us7000qaqf,2025-07-04T18:56:33.596Z,"121 km ESE of Iwaki, Japan",earthquake,7.95,1.879,0.089,12,reviewed,us,us
2025-07-04T18:02:39.205Z,29.267,129.6303,10,4.6,mb,174,103,2.345,0.37,us,us7000qaqd,2025-07-11T18:50:14.040Z,"90 km N of Tatsugō, Japan",earthquake,6.63,1.853,0.043,167,reviewed,us,us
2025-07-04T17:58:00.523Z,29.3301,129.5469,10,4.7,mww,59,106,2.308,0.89,us,us7000qaqc,2025-07-04T18:44:22.040Z,"97 km N of Tatsugō, Japan",earthquake,6.84,1.868,0.073,18,reviewed,us,us
2025-07-04T12:31:53.239Z,39.5004,143.6902,10,4.3,mb,34,127,2.389,1.05,us,us7000qamh,2025-07-04T13:32:40.040Z,"149 km E of Yamada, Japan",earthquake,7.62,1.763,0.122,19,reviewed,us,us
2025-07-04T09:20:01.131Z,29.4033,129.4367,10,4.7,mb,75,109,2.275,0.74,us,us7000qam0,2025-07-04T09:39:43.040Z,"106 km N of Tatsugō, Japan",earthquake,6.51,1.663,0.052,111,reviewed,us,us
2025-07-04T07:56:48.327Z,39.6264,141.9049,65.91,4.2,mb,46,135,1.328,0.72,us,us7000qalu,2025-07-16T08:14:53.040Z,"3 km SW of Miyako, Japan",earthquake,6.33,8.008,0.098,29,reviewed,us,us
2025-07-04T04:06:02.156Z,31.5767,131.676,45.897,4.3,mb,17,191,1.047,0.85,us,us7000qakq,2025-07-05T21:50:53.040Z,"29 km E of Nichinan, Japan",earthquake,6.45,11.762,0.153,12,reviewed,us,us
2025-07-04T03:54:28.907Z,24.7784,127.8354,10,4.2,mb,17,100,2.087,1.12,us,us7000qctl,2025-07-23T04:47:20.040Z,"150 km S of Itoman, Japan",earthquake,5.44,1.931,0.199,7,reviewed,us,us
2025-07-04T03:20:26.306Z,29.3382,129.3278,10,4.5,mb,35,108,2.372,0.73,us,us7000qakl,2025-07-04T03:46:57.040Z,"101 km NNW of Tatsugō, Japan",earthquake,7.92,1.902,0.112,23,reviewed,us,us
2025-07-04T00:02:56.321Z,29.3581,129.4375,10,4.5,mb,47,112,2.316,0.58,us,us7000qajx,2025-07-19T00:17:43.040Z,"101 km N of Tatsugō, Japan",earthquake,7.96,1.891,0.076,54,reviewed,us,us
2025-07-03T15:03:55.305Z,29.2911,129.4794,10,4.4,mb,24,134,2.365,0.77,us,us7000qagx,2025-07-03T17:07:45.040Z,"93 km N of Tatsugō, Japan",earthquake,9.22,1.92,0.127,18,reviewed,us,us
2025-07-03T13:13:24.245Z,29.3133,129.4082,24.004,4.5,mb,28,109,2.367,0.8,us,us7000qafi,2025-07-03T15:01:42.040Z,"97 km N of Tatsugō, Japan",earthquake,7.16,1.651,0.131,17,reviewed,us,us
2025-07-03T07:13:00.427Z,29.402,129.391,10,5.4,mww,129,82,2.291,0.5,us,us7000qadp,2025-07-19T06:11:33.035Z,"107 km N of Tatsugō, Japan",earthquake,6.85,1.85,0.052,35,reviewed,us,us
2025-07-03T07:04:17.189Z,29.1498,129.696,10,4.4,mb,38,124,2.441,0.55,us,us7000qcm1,2025-07-19T05:52:59.040Z,"78 km N of Tatsugō, Japan",earthquake,8.07,1.91,0.114,22,reviewed,us,us
2025-07-03T06:35:01.597Z,29.3421,129.4372,10,4.5,mb,38,108,2.331,0.46,us,us7000qadq,2025-07-19T05:45:59.040Z,"100 km N of Tatsugō, Japan",earthquake,5.84,1.899,0.111,24,reviewed,us,us
2025-07-03T06:18:11.615Z,29.2886,129.6016,10,4.9,mww,152,88,2.332,0.51,us,us7000qadj,2025-07-19T05:43:16.040Z,"92 km N of Tatsugō, Japan",earthquake,5.73,1.811,0.11,8,reviewed,us,us
2025-07-03T06:11:48.093Z,29.3943,129.4377,10,4.8,mww,73,108,2.283,0.63,us,us7000qadd,2025-07-19T05:28:45.040Z,"105 km N of Tatsugō, Japan",earthquake,7.01,1.884,0.083,14,reviewed,us,us
2025-07-03T05:31:06.428Z,29.3554,129.5561,10,4.8,mww,139,109,2.282,0.51,us,us7000qad4,2025-07-18T04:55:13.040Z,"100 km N of Tatsugō, Japan",earthquake,7.01,1.88,0.089,12,reviewed,us,us
2025-07-03T01:33:26.188Z,29.283,129.3649,10,4.4,mb,39,108,2.41,1.17,us,us7000qclx,2025-07-20T01:38:07.040Z,"95 km NNW of Tatsugō, Japan",earthquake,4.32,1.888,0.112,23,reviewed,us,us
2025-07-02T21:51:29.399Z,29.3572,129.4546,9.968,4.7,mb,93,112,2.312,0.48,us,us7000qabd,2025-07-17T01:57:33.040Z,"101 km N of Tatsugō, Japan",earthquake,7.04,4.066,0.062,78,reviewed,us,us
2025-07-02T21:06:51.148Z,29.3409,128.9619,10,4.3,mb,37,107,2.516,0.47,us,us7000qaat,2025-07-17T01:07:34.040Z,"116 km NNW of Tatsugō, Japan",earthquake,7.94,1.904,0.101,28,reviewed,us,us
2025-07-02T17:32:57.020Z,29.2499,129.2434,10,4.9,mww,100,36,2.482,0.65,us,us7000qa9g,2025-07-14T21:26:59.040Z,"95 km NNW of Tatsugō, Japan",earthquake,6.31,1.832,0.06,27,reviewed,us,us
2025-07-02T16:54:42.194Z,29.2009,129.0443,10,4.2,mb,34,103,2.453,1.16,us,us7000qc3j,2025-07-12T03:16:26.040Z,"99 km NNW of Tatsugō, Japan",earthquake,6.67,1.904,0.125,18,reviewed,us,us
2025-07-02T16:12:33.598Z,29.1549,129.0816,10,4.3,mb,25,104,2.418,1.06,us,us7000qc3g,2025-07-12T03:08:30.040Z,"93 km NNW of Tatsugō, Japan",earthquake,5.82,1.799,0.168,10,reviewed,us,us
2025-07-02T15:49:18.502Z,29.2684,129.2616,10,5.2,mww,83,78,2.459,1.01,us,us7000qa7e,2025-07-02T16:07:27.040Z,"96 km NNW of Tatsugō, Japan",earthquake,5.71,1.59,0.063,24,reviewed,us,us
2025-07-02T07:42:41.543Z,29.3147,129.2453,10,4.6,mb,46,107,2.423,1.12,us,us7000qa5p,2025-07-02T08:22:28.040Z,"101 km NNW of Tatsugō, Japan",earthquake,6.03,1.851,0.077,50,reviewed,us,us
2025-07-02T07:29:13.390Z,29.4215,129.1201,10,4.5,mb,30,105,2.378,1.3,us,us7000qa5n,2025-07-02T08:13:10.040Z,"117 km NNW of Tatsugō, Japan",earthquake,5.41,1.924,0.116,22,reviewed,us,us
2025-07-02T07:17:56.798Z,29.316,129.3286,10,5,mb,45,89,2.392,1.38,us,us7000qa5i,2025-07-02T07:51:34.933Z,"99 km NNW of Tatsugō, Japan",earthquake,5.28,1.861,0.103,30,reviewed,us,us
2025-07-02T06:26:49.347Z,29.2436,129.2443,10,5.6,mww,101,49,2.488,1.17,us,us7000qa5e,2025-07-03T06:57:12.795Z,"94 km NNW of Tatsugō, Japan",earthquake,6.16,1.847,0.06,27,reviewed,us,us
2025-07-02T06:07:22.218Z,29.1475,129.4776,10,5.1,mb,89,91,2.5,1.15,us,us7000qa5c,2025-07-02T06:26:51.040Z,"78 km N of Tatsugō, Japan",earthquake,6.39,1.864,0.037,239,reviewed,us,us
2025-07-02T05:59:01.972Z,29.2307,129.2174,10,5.2,mb,73,87,2.509,0.89,us,us7000qa56,2025-07-02T06:19:10.040Z,"94 km NNW of Tatsugō, Japan",earthquake,6.65,1.876,0.038,221,reviewed,us,us
2025-07-02T05:53:26.784Z,29.2944,129.1529,10,5.2,mb,66,64,2.477,1.31,us,us7000qa57,2025-07-02T06:15:02.040Z,"103 km NNW of Tatsugō, Japan",earthquake,6.82,1.857,0.044,172,reviewed,us,us
2025-07-02T05:51:48.555Z,29.2113,129.2578,10,5.2,mb,79,88,2.512,1.14,us,us7000qa55,2025-07-02T06:08:21.040Z,"90 km NNW of Tatsugō, Japan",earthquake,6.5,1.86,0.049,137,reviewed,us,us
2025-07-02T05:25:22.948Z,28.9658,129.4781,10,5.1,mb,64,66,2.375,1.19,us,us7000qa52,2025-07-02T05:46:57.040Z,"58 km NNW of Tatsugō, Japan",earthquake,6.48,1.877,0.045,161,reviewed,us,us
2025-07-02T05:22:17.159Z,29.2434,129.2687,10,4.6,mb,57,88,2.479,1.08,us,us7000qa4z,2025-07-02T06:50:25.040Z,"93 km NNW of Tatsugō, Japan",earthquake,2.83,1.871,0.078,49,reviewed,us,us
2025-07-02T03:34:44.866Z,29.4228,129.5721,10,4.2,mb,25,117,2.214,1.23,us,us7000qc2x,2025-07-12T02:48:13.040Z,"107 km N of Tatsugō, Japan",earthquake,7.82,1.917,0.118,20,reviewed,us,us
2025-07-02T00:14:30.991Z,29.0741,129.6197,10,4.5,mb,29,130,2.528,0.94,us,us7000qc2z,2025-07-14T23:40:25.040Z,"69 km N of Tatsugō, Japan",earthquake,7.82,1.907,0.145,14,reviewed,us,us
2025-07-02T00:06:47.862Z,29.2796,129.3143,10,4.9,mb,67,85,2.43,0.58,us,us7000qa3f,2025-07-14T23:26:53.040Z,"96 km NNW of Tatsugō, Japan",earthquake,2.47,1.825,0.048,139,reviewed,us,us
2025-07-01T21:31:45.758Z,29.3458,129.4924,12.131,4.6,mb,55,112,2.31,0.44,us,us7000qa2m,2025-07-23T01:24:53.040Z,"99 km N of Tatsugō, Japan",earthquake,8,4.459,0.085,41,reviewed,us,us
2025-07-01T20:18:05.835Z,30.5618,130.9918,45.075,4.7,mb,71,138,1.052,0.69,us,us7000qa28,2025-07-13T13:57:21.040Z,"19 km S of Nishinoomote, Japan",earthquake,10.93,5.62,0.057,95,reviewed,us,us
2025-07-01T19:36:49.959Z,26.6088,141.9373,10,4.4,mb,16,151,0.533,0.84,us,us7000qc26,2025-07-13T18:59:30.040Z,"Bonin Islands, Japan region",earthquake,6.24,1.948,0.179,11,reviewed,us,us
2025-07-01T19:32:07.294Z,29.3444,129.4049,10,5.1,mww,155,30,2.34,0.73,us,us7000qa1v,2025-07-13T18:48:37.529Z,"100 km N of Tatsugō, Japan",earthquake,6.11,1.763,0.065,23,reviewed,us,us
2025-07-01T14:03:41.971Z,29.474,129.3025,16.171,4.6,mb,43,89,2.258,1.07,us,us7000q9yw,2025-07-01T14:38:31.040Z,"117 km NNW of Tatsugō, Japan",earthquake,6.99,4.633,0.072,58,reviewed,us,us
2025-07-01T11:22:06.640Z,29.3334,129.4451,10,4.6,mb,55,90,2.337,0.63,us,us7000q9ye,2025-07-01T14:50:47.040Z,"99 km N of Tatsugō, Japan",earthquake,6.73,1.888,0.075,53,reviewed,us,us
2025-07-01T09:17:08.156Z,29.4163,129.2296,10,4.5,mb,38,88,2.338,0.62,us,us7000q9y3,2025-07-02T08:33:31.040Z,"113 km NNW of Tatsugō, Japan",earthquake,6.95,1.909,0.131,17,reviewed,us,us
2025-07-01T08:10:27.124Z,29.3902,129.4215,10,4.9,mb,60,64,2.292,1.15,us,us7000q9xr,2025-07-01T08:40:32.040Z,"105 km N of Tatsugō, Japan",earthquake,6.44,1.868,0.047,141,reviewed,us,us
2025-07-01T06:20:40.196Z,29.236,129.314,10,4.4,mb,43,113,2.47,1.01,us,us7000q9xc,2025-07-22T14:22:10.040Z,"91 km NNW of Tatsugō, Japan",earthquake,6.92,1.79,0.097,31,reviewed,us,us
2025-06-30T21:49:48.341Z,29.3301,129.5332,9.343,4.4,mb,32,121,2.313,0.83,us,us7000q9v6,2025-07-13T23:56:26.040Z,"97 km N of Tatsugō, Japan",earthquake,8.41,4.391,0.108,25,reviewed,us,us
2025-06-30T16:13:08.008Z,36.1168,139.8707,66.087,4,mb,23,155,1.407,0.74,us,us7000qbv6,2025-07-10T19:05:01.040Z,"6 km ENE of Sakai, Japan",earthquake,5.75,9.141,0.144,13,reviewed,us,us
2025-06-30T15:22:27.163Z,29.296,129.4353,10,4.6,mb,61,57,2.374,1,us,us7000q9rm,2025-07-10T18:56:50.040Z,"95 km N of Tatsugō, Japan",earthquake,6.83,1.85,0.091,36,reviewed,us,us
2025-06-30T09:33:22.335Z,29.3206,129.392,10,5.2,mww,106,62,2.366,1.04,us,us7000q9q4,2025-06-30T09:52:56.040Z,"98 km NNW of Tatsugō, Japan",earthquake,6.07,1.841,0.069,20,reviewed,us,us
2025-06-30T04:32:42.168Z,33.1373,138.154,306.228,4.2,mb,104,85,1.393,0.61,us,us7000q9ni,2025-07-16T23:32:36.040Z,"162 km S of Ōyama, Japan",earthquake,9.43,6.904,0.057,85,reviewed,us,us
2025-06-30T03:36:19.940Z,29.3258,129.3647,10,4.7,mww,97,109,2.37,0.46,us,us7000q9nf,2025-07-16T05:15:08.040Z,"99 km NNW of Tatsugō, Japan",earthquake,6.29,1.864,0.093,11,reviewed,us,us
2025-06-29T17:58:52.726Z,29.3117,129.4362,10,4.3,mb,31,110,2.36,0.73,us,us7000q9lj,2025-07-11T16:50:10.040Z,"96 km N of Tatsugō, Japan",earthquake,4.87,1.835,0.133,16,reviewed,us,us
2025-06-29T13:36:53.514Z,29.396,129.3403,28.232,4.4,mb,33,109,2.315,0.77,us,us7000qbu6,2025-07-14T16:23:27.040Z,"107 km NNW of Tatsugō, Japan",earthquake,4.8,5.412,0.114,26,reviewed,us,us
2025-06-29T11:26:57.150Z,43.6016,144.5956,132.018,4.2,mb,67,136,1.538,0.88,us,us7000q9ia,2025-07-22T13:42:22.040Z,"15 km NNE of Teshikaga, Japan",earthquake,8.66,7.318,0.059,80,reviewed,us,us
2025-06-29T07:56:00.444Z,29.3486,129.2917,10,4.2,mb,26,107,2.375,0.88,us,us7000qbtt,2025-07-11T12:35:06.040Z,"104 km NNW of Tatsugō, Japan",earthquake,8.07,1.902,0.137,16,reviewed,us,us
2025-06-29T07:32:52.204Z,29.2506,129.5135,10,4.3,mb,26,112,2.393,0.72,us,us7000qbtl,2025-07-11T11:59:23.040Z,"89 km N of Tatsugō, Japan",earthquake,8.7,1.9,0.122,19,reviewed,us,us
2025-06-29T07:11:56.977Z,29.3819,129.4814,10,5.2,mww,79,79,2.28,0.82,us,us7000q9hh,2025-07-12T06:42:08.040Z,"103 km N of Tatsugō, Japan",earthquake,6.84,1.858,0.089,12,reviewed,us,us
2025-06-29T05:52:50.165Z,29.3982,129.4199,10,4.5,mb,41,108,2.285,0.98,us,us7000q9h6,2025-07-12T06:24:17.040Z,"106 km N of Tatsugō, Japan",earthquake,7.14,1.85,0.09,36,reviewed,us,us
2025-06-29T02:36:21.075Z,29.3306,129.4734,10,4.4,mb,29,110,2.33,1.05,us,us7000q9g5,2025-07-23T02:19:48.040Z,"98 km N of Tatsugō, Japan",earthquake,7.51,1.936,0.162,11,reviewed,us,us
2025-06-29T01:15:25.559Z,29.3062,129.3422,10,5.4,mww,76,33,2.396,0.91,us,us7000q9fs,2025-07-23T01:46:10.907Z,"98 km NNW of Tatsugō, Japan",earthquake,6.15,1.449,0.071,19,reviewed,us,us
2025-06-29T01:13:59.105Z,29.2716,129.1199,10,4.9,mb,44,127,2.51,1.08,us,us7000q9fq,2025-07-23T01:28:19.040Z,"102 km NNW of Tatsugō, Japan",earthquake,9.35,1.85,0.041,187,reviewed,us,us
2025-06-29T00:59:41.571Z,35.3261,133.2564,10,4.4,mb,25,55,1.671,0.65,us,us7000q9fl,2025-07-22T23:54:32.040Z,"10 km S of Yasugichō, Japan",earthquake,6.32,1.889,0.19,8,reviewed,us,us
2025-06-28T15:55:16.478Z,28.0827,139.8216,424.195,4,mb,27,79,2.316,0.76,us,us7000q9di,2025-06-28T17:09:20.040Z,"Bonin Islands, Japan region",earthquake,15.46,10.722,0.096,29,reviewed,us,us
2025-06-28T04:59:49.517Z,24.8581,123.1937,118.701,4.4,mb,63,42,0.423,1.03,us,us7000q9ac,2025-07-23T01:21:20.040Z,"47 km NNE of Yonakuni, Japan",earthquake,5.44,4.331,0.064,72,reviewed,us,us
2025-06-28T02:12:50.843Z,29.3165,129.3433,10,4.4,mb,37,89,2.386,0.8,us,us7000q99b,2025-07-23T00:58:44.040Z,"99 km NNW of Tatsugō, Japan",earthquake,7.06,1.89,0.12,20,reviewed,us,us
2025-06-28T00:15:15.828Z,29.3501,129.3552,10.064,4.5,mb,39,110,2.351,0.58,us,us7000q98u,2025-07-12T03:55:21.040Z,"102 km NNW of Tatsugō, Japan",earthquake,7.2,4.792,0.102,28,reviewed,us,us
2025-06-27T09:44:44.989Z,43.0399,145.3315,48.346,4.2,mb,54,179,1.906,0.78,us,us7000q92f,2025-06-27T11:57:57.040Z,"37 km SSW of Nemuro, Japan",earthquake,9.33,7.925,0.085,39,reviewed,us,us
2025-06-27T04:17:04.996Z,29.2677,129.4653,10,4.9,mb,60,57,2.391,0.85,us,us7000q91j,2025-07-23T00:29:36.040Z,"91 km N of Tatsugō, Japan",earthquake,6.53,1.306,0.041,192,reviewed,us,us
2025-06-26T23:56:01.762Z,36.5389,140.4701,63.208,4.6,mb,59,142,1.821,0.77,us,us7000q90k,2025-07-08T04:11:46.501Z,"4 km ESE of Ōmiya, Japan",earthquake,7.61,7.472,0.051,116,reviewed,us,us
2025-06-25T11:28:59.732Z,30.0057,142.5793,10,4.4,mb,38,157,2.92,0.96,us,us7000q8nl,2025-07-13T04:56:03.040Z,"Izu Islands, Japan region",earthquake,9.82,1.919,0.101,28,reviewed,us,us
2025-06-25T10:39:14.148Z,29.1776,129.4011,10,4.5,mb,66,56,2.495,0.51,us,us7000q8nd,2025-07-10T09:37:41.040Z,"82 km NNW of Tatsugō, Japan",earthquake,6.84,1.895,0.08,46,reviewed,us,us
2025-06-25T09:08:47.775Z,36.576,143.8286,10,4.7,mww,148,125,4.524,0.48,us,us7000q8n0,2025-07-10T07:45:10.040Z,"264 km ESE of Tomioka, Japan",earthquake,5.87,1.652,0.093,11,reviewed,us,us
2025-06-25T05:47:25.528Z,29.3167,129.4731,10,4.5,mb,49,111,2.343,0.9,us,us7000q8m5,2025-07-22T12:45:50.040Z,"96 km N of Tatsugō, Japan",earthquake,8,1.89,0.074,53,reviewed,us,us
2025-06-25T04:51:28.873Z,36.5056,140.5946,62.943,4.4,mb,48,148,1.926,0.74,us,us7000q8lu,2025-07-13T04:03:43.102Z,"4 km NNE of Funaishikawa, Japan",earthquake,3.21,8.268,0.093,33,reviewed,us,us
2025-06-25T00:45:17.121Z,30.0272,131.2318,35,4.5,mb,27,141,1.622,0.51,us,us7000qb0u,2025-07-07T22:19:47.040Z,"68 km SE of Koseda, Japan",earthquake,4.87,1.938,0.124,19,reviewed,us,us
2025-06-24T15:40:54.040Z,29.283,129.3546,10,4.1,mb,23,108,2.413,1.07,us,us7000qawn,2025-07-17T15:56:51.040Z,"95 km NNW of Tatsugō, Japan",earthquake,6.82,1.907,0.157,13,reviewed,us,us
2025-06-24T13:03:33.716Z,29.3138,129.4862,10,4.2,mb,22,116,2.342,0.83,us,us7000qawf,2025-07-16T19:08:22.040Z,"96 km N of Tatsugō, Japan",earthquake,7.54,1.909,0.152,12,reviewed,us,us
2025-06-24T07:54:09.531Z,29.2029,129.3592,10,4.5,mb,37,108,2.485,0.47,us,us7000q8dm,2025-07-16T14:10:18.040Z,"86 km NNW of Tatsugō, Japan",earthquake,7.24,1.89,0.108,25,reviewed,us,us
2025-06-24T07:04:14.355Z,29.3177,129.3656,10,5.1,mww,93,85,2.377,1.02,us,us7000q8dd,2025-07-15T06:24:17.040Z,"98 km NNW of Tatsugō, Japan",earthquake,6.06,1.816,0.08,15,reviewed,us,us
2025-06-23T17:55:12.519Z,42.2035,144.6299,34.552,4.8,mb,77,126,1.112,0.91,us,us7000q88q,2025-07-05T17:38:06.040Z,"88 km SSE of Kushiro, Japan",earthquake,7.79,5.519,0.041,183,reviewed,us,us
2025-06-23T17:23:29.381Z,29.3425,129.3401,10,5,mww,58,87,2.364,0.72,us,us7000q88k,2025-07-05T17:31:08.040Z,"102 km NNW of Tatsugō, Japan",earthquake,5.12,1.84,0.059,28,reviewed,us,us
2025-06-23T15:08:19.044Z,29.0712,129.8683,10,4.4,mb,26,117,2.482,0.67,us,us7000qapv,2025-07-08T15:56:17.040Z,"73 km NNE of Tatsugō, Japan",earthquake,8.25,1.915,0.138,15,reviewed,us,us
2025-06-23T14:46:56.645Z,29.2721,129.5069,10,4.5,mb,43,111,2.375,0.99,us,us7000q863,2025-07-08T15:47:47.040Z,"91 km N of Tatsugō, Japan",earthquake,7.16,1.914,0.104,27,reviewed,us,us
2025-06-23T14:36:18.769Z,29.3027,129.5391,10,5.1,mww,121,98,2.336,0.75,us,us6000qlyq,2025-07-08T15:45:15.040Z,"94 km N of Tatsugō, Japan",earthquake,6.22,1.025,0.052,35,reviewed,us,us
2025-06-23T14:17:52.821Z,29.2823,129.3891,10,4.5,mb,74,108,2.402,0.49,us,us6000qlyn,2025-07-08T15:40:20.040Z,"94 km NNW of Tatsugō, Japan",earthquake,6.98,1.866,0.074,54,reviewed,us,us
2025-06-23T13:45:23.189Z,29.2758,129.5665,10,4.3,mb,39,112,2.354,0.64,us,us7000qapq,2025-07-08T15:32:36.040Z,"91 km N of Tatsugō, Japan",earthquake,5.37,1.916,0.104,26,reviewed,us,us
2025-06-23T13:40:48.266Z,29.3616,129.3346,10,4.4,mb,50,108,2.348,0.6,us,us6000qlyg,2025-07-08T15:14:14.040Z,"104 km NNW of Tatsugō, Japan",earthquake,7.27,1.834,0.095,32,reviewed,us,us
2025-06-23T09:40:49.499Z,41.9926,142.318,69.874,4.1,mb,45,107,0.626,0.55,us,us6000qlxb,2025-06-23T10:12:34.040Z,"38 km S of Shizunai-furukawachō, Japan",earthquake,5.74,3.232,0.094,31,reviewed,us,us
2025-06-23T08:48:27.692Z,29.1634,129.4221,10,4.3,mb,24,109,2.502,0.45,us,us7000qapg,2025-07-17T16:44:39.040Z,"80 km NNW of Tatsugō, Japan",earthquake,7.73,1.906,0.178,9,reviewed,us,us
2025-06-23T07:56:31.194Z,29.1271,129.6342,10,4.2,mb,29,113,2.477,0.39,us,us7000qapf,2025-07-17T16:36:55.040Z,"75 km N of Tatsugō, Japan",earthquake,7.86,1.913,0.136,15,reviewed,us,us
2025-06-23T07:50:56.991Z,29.3256,129.5979,10,4.5,mb,50,112,2.298,0.37,us,us6000qlxp,2025-07-16T13:02:59.040Z,"97 km N of Tatsugō, Japan",earthquake,5.49,1.886,0.089,37,reviewed,us,us
2025-06-23T07:46:17.544Z,29.2136,129.5771,10,4.9,mb,118,85,2.41,0.42,us,us6000qlx3,2025-07-16T13:37:56.040Z,"84 km N of Tatsugō, Japan",earthquake,5.69,1.864,0.054,109,reviewed,us,us
2025-06-23T04:45:56.278Z,29.2812,129.4483,10,4.3,mb,30,110,2.384,0.62,us,us7000qapa,2025-07-15T03:52:52.040Z,"93 km N of Tatsugō, Japan",earthquake,7.82,1.917,0.125,18,reviewed,us,us
2025-06-23T04:24:26.298Z,29.2783,129.241,16.37,4.3,mb,32,108,2.458,0.33,us,us6000qlwq,2025-07-15T03:33:12.040Z,"98 km NNW of Tatsugō, Japan",earthquake,7.26,4.22,0.122,19,reviewed,us,us
2025-06-23T01:16:11.252Z,29.2959,129.4315,16.063,4.2,mb,19,110,2.376,1.05,us,us7000qaq4,2025-07-14T04:23:30.040Z,"95 km N of Tatsugō, Japan",earthquake,8.51,5.266,0.167,10,reviewed,us,us
2025-06-23T01:13:17.509Z,29.3266,129.2927,8.12,4.5,mb,70,108,2.395,0.36,us,us6000qlvq,2025-07-14T04:45:17.040Z,"101 km NNW of Tatsugō, Japan",earthquake,7.48,4.534,0.075,52,reviewed,us,us
2025-06-22T21:33:00.071Z,41.463,140.7428,155.513,4.2,mb,31,87,0.715,0.31,us,us6000qlun,2025-07-15T21:47:38.040Z,"10 km WNW of Sai, Japan",earthquake,9.62,8.483,0.12,19,reviewed,us,us
2025-06-22T21:22:44.171Z,29.296,129.2675,10,4.4,mb,35,78,2.432,0.73,us,us6000qlul,2025-07-15T21:42:51.040Z,"99 km NNW of Tatsugō, Japan",earthquake,6.01,1.602,0.114,22,reviewed,us,us
2025-06-22T18:32:42.215Z,29.3391,129.3935,10,4.7,mb,62,108,2.348,0.41,us,us6000qlu4,2025-07-05T16:57:46.040Z,"100 km NNW of Tatsugō, Japan",earthquake,6.97,1.878,0.057,93,reviewed,us,us
2025-06-22T09:11:25.394Z,29.3483,130.5906,42.233,4.5,mb,43,108,2.157,0.64,us,us6000qlri,2025-07-15T12:51:06.040Z,"98 km S of Koshima, Japan",earthquake,6.79,8.102,0.097,31,reviewed,us,us
2025-06-22T08:58:46.370Z,29.3883,129.4888,10,4.3,mb,36,114,6.847,0.78,us,us7000qap3,2025-07-10T11:09:17.040Z,"104 km N of Tatsugō, Japan",earthquake,11.37,1.82,0.097,30,reviewed,us,us
2025-06-22T08:57:57.717Z,29.2121,129.4659,10,4.3,mb,25,123,2.443,0.91,us,us7000qand,2025-07-05T06:33:15.040Z,"85 km N of Tatsugō, Japan",earthquake,8.51,1.912,0.129,17,reviewed,us,us
2025-06-22T08:29:52.049Z,29.2949,129.4832,10,4.2,mb,28,125,2.36,0.84,us,us7000qanb,2025-07-05T06:00:06.040Z,"94 km N of Tatsugō, Japan",earthquake,8.47,1.916,0.118,20,reviewed,us,us
2025-06-22T08:15:04.716Z,29.2979,129.4444,10,5,mww,92,84,2.37,0.88,us,us6000qlr7,2025-07-06T11:54:21.040Z,"95 km N of Tatsugō, Japan",earthquake,5.49,1.855,0.069,20,reviewed,us,us
2025-06-22T05:27:03.835Z,29.3918,129.2546,10,4.6,mb,44,106,2.35,0.8,us,us6000qlqp,2025-07-06T11:02:56.040Z,"109 km NNW of Tatsugō, Japan",earthquake,7.27,1.875,0.068,64,reviewed,us,us
2025-06-22T04:37:51.434Z,29.2788,129.5414,10,4.4,mb,18,142,2.358,0.95,us,us6000qlqk,2025-07-10T23:51:20.040Z,"92 km N of Tatsugō, Japan",earthquake,5.11,1.835,0.155,12,reviewed,us,us
2025-06-22T03:43:59.536Z,29.3405,129.3615,10,4.4,mb,40,89,2.358,0.79,us,us6000qlq8,2025-07-10T23:44:55.040Z,"101 km NNW of Tatsugō, Japan",earthquake,7.71,1.86,0.095,33,reviewed,us,us
2025-06-22T03:37:19.632Z,29.2824,129.3047,10,4.6,mb,31,108,2.431,1.08,us,us6000qlq7,2025-07-10T23:42:38.040Z,"96 km NNW of Tatsugō, Japan",earthquake,7.61,1.918,0.113,24,reviewed,us,us
2025-06-22T03:12:25.050Z,29.343,129.308,10,4.8,mb,47,69,2.375,1.15,us,us6000qlq1,2025-07-10T23:38:21.040Z,"102 km NNW of Tatsugō, Japan",earthquake,6.56,1.781,0.065,73,reviewed,us,us
2025-06-22T00:15:42.782Z,29.3037,129.4602,10,4.7,mb,77,87,2.359,0.73,us,us6000qlph,2025-07-11T04:24:17.040Z,"95 km N of Tatsugō, Japan",earthquake,6.89,1.856,0.072,58,reviewed,us,us
2025-06-21T22:27:27.885Z,29.4276,129.1139,10,4.5,mb,25,109,2.375,0.71,us,us6000qlp9,2025-07-07T21:16:29.040Z,"118 km NNW of Tatsugō, Japan",earthquake,5.61,1.852,0.144,14,reviewed,us,us
2025-06-21T20:53:15.999Z,29.187,129.4981,10,4.7,mww,55,116,2.457,1.18,us,us6000qlny,2025-07-06T23:39:35.040Z,"82 km N of Tatsugō, Japan",earthquake,5.87,1.902,0.08,15,reviewed,us,us
2025-06-21T20:25:41.605Z,29.2336,129.0476,10,4.4,mb,25,127,2.485,0.82,us,us7000qai1,2025-07-08T02:54:25.040Z,"102 km NNW of Tatsugō, Japan",earthquake,9.25,1.908,0.162,13,reviewed,us,us
2025-06-21T20:24:36.444Z,29.3526,129.3488,10,4.5,mb,37,89,2.351,0.9,us,us6000qlnq,2025-07-06T04:06:44.040Z,"102 km NNW of Tatsugō, Japan",earthquake,7.28,1.907,0.089,37,reviewed,us,us
2025-06-21T17:52:08.102Z,29.2727,129.4856,10,4.5,mb,93,108,2.381,0.53,us,us6000qlnb,2025-07-16T18:48:57.040Z,"91 km N of Tatsugō, Japan",earthquake,3.2,1.859,0.062,81,reviewed,us,us
2025-06-21T14:10:56.603Z,29.3327,129.291,10,4.5,mb,42,66,2.39,0.72,us,us6000qlmi,2025-07-14T12:57:12.040Z,"102 km NNW of Tatsugō, Japan",earthquake,7.23,1.893,0.106,30,reviewed,us,us
2025-06-20T18:09:48.229Z,31.3065,138.4408,363.726,4.4,mb,99,94,2.146,0.58,us,us6000qlhn,2025-07-12T21:34:51.040Z,"Izu Islands, Japan region",earthquake,7.5,7.322,0.05,120,reviewed,us,us
2025-06-20T10:54:58.175Z,35.6682,140.1503,73.845,4.4,mb,28,126,1.798,0.64,us,us7000qagh,2025-07-17T17:31:10.040Z,"2 km NW of Yotsukaidō, Japan",earthquake,4.86,9.245,0.155,12,reviewed,us,us
2025-06-20T00:45:52.613Z,34.7355,140.7115,49.896,4.4,mb,21,156,1.78,0.78,us,us6000qlcz,2025-07-13T23:31:15.040Z,"58 km SE of Katsuura, Japan",earthquake,7.54,9.481,0.18,9,reviewed,us,us
2025-06-19T08:46:00.088Z,28.126,129.6949,35,4.4,mb,31,114,1.802,0.7,us,us6000ql77,2025-07-06T12:30:11.040Z,"33 km SE of Naze, Japan",earthquake,6.37,1.927,0.12,20,reviewed,us,us
2025-06-19T07:37:03.739Z,33.6428,139.4938,10,4.7,mb,63,102,0.59,0.66,us,us6000ql6y,2025-07-06T09:31:47.040Z,"125 km SSE of Shimoda, Japan",earthquake,5.4,1.888,0.089,38,reviewed,us,us
2025-06-19T01:53:37.663Z,40.7832,142.2579,54.203,4.2,mb,56,135,0.906,0.71,us,us6000ql5m,2025-07-11T03:01:20.040Z,"71 km ENE of Hachinohe, Japan",earthquake,7.13,7.576,0.088,36,reviewed,us,us
2025-06-18T12:30:12.644Z,32.0487,131.8488,51.411,4.8,mb,73,119,1.305,1.19,us,us6000ql0e,2025-07-06T07:48:39.040Z,"34 km ESE of Takanabe, Japan",earthquake,6.83,7.434,0.076,54,reviewed,us,us
2025-06-17T06:21:34.604Z,26.7438,139.342,580.248,4,mb,63,104,2.562,0.64,us,us6000qkrm,2025-07-08T13:00:54.040Z,"Bonin Islands, Japan region",earthquake,11.87,8.443,0.07,55,reviewed,us,us
2025-06-17T02:07:22.624Z,34.4204,140.2268,114.964,4.1,mb,29,135,1.347,0.48,us,us6000qkqx,2025-07-08T05:13:39.040Z,"70 km SSE of Tateyama, Japan",earthquake,10.52,8.881,0.127,17,reviewed,us,us
2025-06-14T10:47:01.673Z,38.5813,142.0012,58.365,5,mww,79,124,2.321,0.71,us,us6000qk9r,2025-07-09T13:09:28.849Z,"50 km ENE of Onagawa Chō, Japan",earthquake,8.31,5.914,0.083,14,reviewed,us,us
2025-06-14T04:21:50.864Z,30.5605,141.6086,10,4.6,mb,46,119,2.97,0.73,us,us6000qk7w,2025-07-06T00:48:35.040Z,"Izu Islands, Japan region",earthquake,9.75,1.886,0.098,32,reviewed,us,us
2025-06-13T06:18:29.891Z,35.5966,140.1057,70.015,4.5,mb,48,130,1.803,0.84,us,us6000qk1a,2025-06-29T05:11:38.673Z,"1 km WSW of Chiba, Japan",earthquake,7.75,7.222,0.048,126,reviewed,us,us
2025-06-13T01:28:01.005Z,27.1927,140.1665,457.226,4.5,mb,95,53,1.801,0.68,us,us6000qk04,2025-07-05T23:10:45.040Z,"Bonin Islands, Japan region",earthquake,10.72,6.82,0.03,327,reviewed,us,us
2025-06-12T21:30:04.266Z,25.1664,126.9831,25.228,4.3,mb,31,90,2.027,0.71,us,us6000qjy5,2025-07-01T00:06:20.040Z,"126 km SSW of Itoman, Japan",earthquake,7.15,6.382,0.117,22,reviewed,us,us
2025-06-12T18:02:26.863Z,39.1743,142.0205,50.711,4.1,mb,34,154,1.772,0.36,us,us6000qjwg,2025-06-27T14:37:59.040Z,"17 km SE of Kamaishi, Japan",earthquake,8.59,9.309,0.127,18,reviewed,us,us
2025-06-12T03:49:20.169Z,33.5438,138.2464,10,4.9,mww,97,53,1.38,0.87,us,us6000qjqx,2025-07-04T02:18:35.040Z,"117 km S of Ōyama, Japan",earthquake,4.66,1.81,0.08,15,reviewed,us,us
2025-06-11T20:59:44.257Z,28.2001,140.7287,161.957,4.6,mb,82,43,1.696,0.93,us,us6000qjp0,2025-06-26T15:53:16.040Z,"Bonin Islands, Japan region",earthquake,10.09,6.356,0.038,207,reviewed,us,us
2025-06-11T15:37:26.131Z,28.335,142.823,10,4.5,mb,17,158,1.358,1.03,us,us7000q8rp,2025-07-01T19:56:23.040Z,"Bonin Islands, Japan region",earthquake,9.35,1.947,0.191,8,reviewed,us,us
2025-06-11T09:30:42.851Z,42.3031,144.5453,37.615,4.6,mb,123,134,1.072,0.56,us,us6000qjiw,2025-07-04T08:07:45.040Z,"75 km S of Kushiro, Japan",earthquake,8.55,7.318,0.055,99,reviewed,us,us
2025-06-10T18:14:25.820Z,37.5117,139.5985,130.891,4.2,mb,103,94,1.474,0.8,us,us6000qjen,2025-06-25T19:50:38.040Z,"10 km W of Yanaizu, Japan",earthquake,7.34,6.293,0.056,88,reviewed,us,us
2025-06-10T00:40:55.261Z,30.8997,136.0842,10,4.2,mb,25,69,3.386,0.45,us,us7000q8qb,2025-07-01T22:33:07.040Z,"286 km S of Kushimoto, Japan",earthquake,8.01,1.917,0.16,11,reviewed,us,us
2025-06-08T23:15:17.796Z,35.6406,140.1532,69.473,4.3,mb,36,130,1.813,0.54,us,us7000q886,2025-07-01T21:38:02.040Z,"1 km SW of Yotsukaidō, Japan",earthquake,7.6,8.495,0.122,19,reviewed,us,us
2025-06-08T09:58:02.502Z,36.5124,140.5796,64.073,4.2,mb,28,153,1.91,0.67,us,us7000q87f,2025-06-29T11:24:18.040Z,"5 km NNE of Funaishikawa, Japan",earthquake,8.17,8.847,0.137,15,reviewed,us,us
2025-06-07T14:46:15.877Z,35.8757,135.555,352.502,4.1,mb,130,29,1.311,0.77,us,us6000qiqh,2025-06-28T14:43:01.040Z,"33 km NE of Kameshima, Japan",earthquake,7.35,6.281,0.044,142,reviewed,us,us
2025-06-07T08:26:51.374Z,25.2719,123.9569,115.37,4.3,mb,40,117,0.924,0.68,us,us6000qip1,2025-07-02T06:32:41.040Z,"100 km NW of Tarama, Japan",earthquake,6.32,8.473,0.097,30,reviewed,us,us
2025-06-07T05:40:19.043Z,41.2787,142.398,54.639,4.5,mb,84,141,0.93,0.45,us,us6000qimm,2025-07-02T05:56:58.040Z,"98 km ENE of Yokohama, Japan",earthquake,7.14,7.655,0.067,66,reviewed,us,us
2025-06-06T20:35:57.317Z,42.2361,144.3767,45.594,4.2,mb,75,134,0.934,0.53,us,us6000qijq,2025-07-03T15:18:22.040Z,"82 km S of Kushiro, Japan",earthquake,8.48,7.749,0.069,58,reviewed,us,us
2025-06-06T04:48:01.405Z,37.133,136.4925,10,4.4,mb,28,62,1.493,0.91,us,us6000qlgs,2025-06-21T00:22:18.040Z,"37 km WSW of Anamizu, Japan",earthquake,7.33,1.865,0.092,35,reviewed,us,us
2025-06-05T14:51:26.226Z,37.8282,141.6018,66.961,4.5,mwr,57,134,2.986,0.91,us,us6000qi4w,2025-07-11T19:20:10.040Z,"59 km ENE of Minami-Sōma, Japan",earthquake,9.48,6.303,0.071,19,reviewed,us,us
2025-06-04T20:18:26.595Z,42.2593,144.5193,37.375,4.1,mb,36,86,1.042,0.63,us,us6000qhze,2025-06-19T20:36:24.040Z,"80 km S of Kushiro, Japan",earthquake,8.23,8.142,0.114,21,reviewed,us,us
2025-06-04T19:55:19.879Z,42.3005,144.6126,41.853,4.5,mb,74,134,1.119,0.7,us,us6000qhyp,2025-07-10T19:19:29.040Z,"77 km SSE of Kushiro, Japan",earthquake,3.15,7.024,0.052,108,reviewed,us,us
2025-06-04T19:20:21.965Z,42.2196,144.5656,29.324,4.1,mb,25,173,1.068,0.45,us,us6000qlal,2025-06-19T20:30:35.040Z,"85 km S of Kushiro, Japan",earthquake,8.26,7.771,0.134,15,reviewed,us,us
2025-06-04T16:49:51.811Z,28.7551,130.0955,35,4.3,mb,27,129,2.502,0.68,us,us6000qlah,2025-06-22T05:19:21.040Z,"59 km NE of Tatsugō, Japan",earthquake,7.42,1.906,0.119,20,reviewed,us,us
2025-06-04T16:44:32.710Z,28.7363,130.171,35,4.3,mb,43,122,2.532,0.49,us,us6000qhxv,2025-06-27T01:48:26.040Z,"64 km ENE of Tatsugō, Japan",earthquake,3.32,1.928,0.109,24,reviewed,us,us
2025-06-04T02:39:41.090Z,29.6178,140.6583,127.992,4.6,mb,73,99,2.85,0.94,us,us6000qhu1,2025-06-26T22:30:55.040Z,"Izu Islands, Japan region",earthquake,9.7,7.785,0.068,64,reviewed,us,us
2025-06-03T15:15:34.239Z,38.0671,142.0114,59.785,4.3,mb,50,122,2.816,0.49,us,us6000qhpn,2025-07-05T16:44:18.040Z,"64 km SE of Onagawa Chō, Japan",earthquake,3.89,7.627,0.091,38,reviewed,us,us
2025-06-03T13:18:28.018Z,41.7865,143.4834,42.826,5.1,mww,192,79,0.334,0.54,us,us6000qhnr,2025-07-05T16:59:56.040Z,"57 km SSE of Hiroo, Japan",earthquake,5.83,1.884,0.069,20,reviewed,us,us
2025-06-03T11:17:52.897Z,33.2906,132.2414,50.631,4.5,mb,62,81,1.435,0.65,us,us6000qhm7,2025-06-26T09:07:17.651Z,"25 km SW of Yawatahama, Japan",earthquake,5.48,7.525,0.067,67,reviewed,us,us
2025-06-02T06:46:08.858Z,37.9638,141.7045,61.83,4.4,mb,76,124,2.865,0.67,us,us6000qhdi,2025-07-01T19:16:38.040Z,"58 km SSE of Onagawa Chō, Japan",earthquake,8.29,6.024,0.066,66,reviewed,us,us
2025-06-02T02:31:19.184Z,38.4427,142.1787,28.908,4.7,mb,145,112,2.497,0.64,us,us6000qhc1,2025-07-01T19:12:52.040Z,"63 km E of Onagawa Chō, Japan",earthquake,7.94,4.458,0.051,118,reviewed,us,us
2025-06-01T19:08:34.332Z,41.7821,143.6015,37.308,4.7,mb,68,76,0.405,0.62,us,us6000qhag,2025-06-20T12:41:30.040Z,"60 km SSE of Hiroo, Japan",earthquake,5.97,5.997,0.044,157,reviewed,us,us
2025-06-01T18:51:52.960Z,41.7431,143.6866,27,5.8,mww,128,95,0.48,0.87,us,us6000qhaf,2025-06-19T16:30:51.174Z,"68 km SSE of Hiroo, Japan",earthquake,6.18,1.061,0.061,26,reviewed,us,us
2025-06-01T12:55:53.506Z,37.5417,144.0539,10,4.6,mb,125,121,3.989,0.65,us,us6000qh96,2025-06-24T13:57:08.040Z,"249 km ESE of Onagawa Chō, Japan",earthquake,8.57,1.88,0.052,111,reviewed,us,us
2025-06-01T11:25:42.491Z,42.3287,144.4751,35.019,4.1,mb,33,175,1.029,1.07,us,us6000qkui,2025-06-23T09:13:16.040Z,"72 km S of Kushiro, Japan",earthquake,7.64,8.98,0.111,22,reviewed,us,us
2025-05-31T14:47:01.387Z,42.2532,144.5659,35,4.4,mb,84,132,1.075,0.65,us,us6000qh38,2025-07-04T13:48:31.040Z,"81 km S of Kushiro, Japan",earthquake,6.8,1.922,0.067,69,reviewed,us,us
2025-05-31T12:29:02.040Z,42.2717,144.5511,35.46,4.8,mb,80,133,1.068,1.03,us,us6000qh2r,2025-06-19T11:00:42.040Z,"79 km S of Kushiro, Japan",earthquake,7.51,7.204,0.029,365,reviewed,us,us
2025-05-31T11:40:40.327Z,42.2673,144.4403,46.002,4.3,mb,39,165,0.987,0.58,us,us6000qkml,2025-06-18T06:11:47.040Z,"78 km S of Kushiro, Japan",earthquake,6.6,7.142,0.113,22,reviewed,us,us
2025-05-31T11:37:06.808Z,42.3653,144.4693,48.568,4.8,mb,85,123,1.036,0.64,us,us6000qh2g,2025-06-19T10:56:40.040Z,"68 km S of Kushiro, Japan",earthquake,7.54,6.899,0.028,404,reviewed,us,us
2025-05-31T11:28:49.883Z,30.4303,138.6854,421.474,4.5,mb,97,123,2.844,0.74,us,us6000qh2e,2025-06-19T07:14:59.040Z,"Izu Islands, Japan region",earthquake,11.43,8.1,0.033,265,reviewed,us,us
2025-05-31T08:56:38.393Z,42.2948,144.4065,35,4.1,mb,23,144,0.97,0.83,us,us6000qkmp,2025-06-18T05:47:35.040Z,"75 km S of Kushiro, Japan",earthquake,8.84,1.95,0.174,9,reviewed,us,us
2025-05-31T08:49:49.113Z,42.2959,144.652,35,4.5,mb,90,132,1.146,0.89,us,us6000qh1w,2025-06-18T05:45:39.040Z,"78 km SSE of Kushiro, Japan",earthquake,7.47,1.485,0.063,74,reviewed,us,us
2025-05-31T08:48:10.139Z,42.1257,144.7242,35,4.2,mb,16,183,1.172,1.07,us,us6000qknc,2025-06-18T05:38:19.040Z,"98 km SSE of Kushiro, Japan",earthquake,8.16,1.981,0.215,6,reviewed,us,us
2025-05-31T08:44:00.414Z,42.3146,144.4608,35,4.4,mb,20,152,1.014,0.65,us,us6000qkmn,2025-06-18T05:35:17.040Z,"73 km S of Kushiro, Japan",earthquake,5.71,1.952,0.149,13,reviewed,us,us
2025-05-31T08:37:17.097Z,42.2705,144.4895,21,6,mww,138,55,1.023,0.71,us,us6000qh1r,2025-06-18T05:18:45.294Z,"78 km S of Kushiro, Japan",earthquake,7.27,1.885,0.056,31,reviewed,us,us
2025-05-30T19:22:05.070Z,41.5672,142.1152,59.846,4.3,mb,84,122,0.898,0.74,us,us6000qgyt,2025-06-13T21:08:23.040Z,"81 km ENE of Mutsu, Japan",earthquake,6.58,7.974,0.065,67,reviewed,us,us
2025-05-30T18:14:23.818Z,28.1609,131.0341,10,4.5,mb,69,121,2.338,0.65,us,us6000qgyd,2025-06-13T21:06:27.040Z,"144 km ESE of Tatsugō, Japan",earthquake,7.08,1.867,0.078,50,reviewed,us,us
2025-05-30T16:47:21.937Z,38.9489,141.9613,67.609,4.1,mb,16,201,1.964,0.56,us,us6000qgxz,2025-05-31T14:54:01.040Z,"25 km ESE of Ōfunato, Japan",earthquake,9.12,8.361,0.214,6,reviewed,us,us
2025-05-30T15:01:56.632Z,32.788,136.9309,408.66,4.2,mb,131,101,2.445,0.73,us,us6000qgx4,2025-06-21T20:09:53.040Z,"131 km SE of Kushimoto, Japan",earthquake,8.77,7.757,0.046,133,reviewed,us,us
2025-05-29T06:28:59.214Z,35.998,137.4035,10,4.3,mb,31,133,0.395,0.68,us,us6000qjvi,2025-06-13T09:49:25.040Z,"20 km SE of Takayama, Japan",earthquake,3.03,1.914,0.143,14,reviewed,us,us
2025-05-27T12:23:50.281Z,41.5422,142.0961,67.15,4.4,mb,67,116,0.923,0.54,us,us7000q1rx,2025-06-19T11:52:38.040Z,"78 km ENE of Mutsu, Japan",earthquake,2.79,7.356,0.071,58,reviewed,us,us
2025-05-27T01:09:59.986Z,35.7227,140.5713,53.007,4.1,mb,15,228,0.464,0.55,us,us6000qjnx,2025-06-17T04:26:46.040Z,"1 km ENE of Sōsa, Japan",earthquake,8.31,9.604,0.213,6,reviewed,us,us
2025-05-26T15:33:03.268Z,36.1364,141.1767,46.686,4.3,mb,24,161,2.43,0.93,us,us7000q1l0,2025-06-16T19:47:49.108Z,"51 km ENE of Kashima-shi, Japan",earthquake,9,9.216,0.161,11,reviewed,us,us
2025-05-26T14:30:43.876Z,42.3166,142.9403,59.96,4.5,mb,136,66,0.342,0.62,us,us7000q1kp,2025-06-16T19:43:34.250Z,"20 km N of Honchō, Japan",earthquake,6.87,5.196,0.046,136,reviewed,us,us
2025-05-26T08:47:44.855Z,42.2681,143.1149,65.431,5.3,mww,243,40,0.255,0.47,us,us7000q1ib,2025-07-16T07:11:08.040Z,"15 km W of Hiroo, Japan",earthquake,5.83,4.454,0.062,25,reviewed,us,us
2025-05-26T00:56:16.171Z,38.4887,142.1333,35,4.4,mb,58,134,2.441,0.58,us,us7000q1gp,2025-06-17T22:50:38.378Z,"59 km E of Onagawa Chō, Japan",earthquake,8.54,1.928,0.084,41,reviewed,us,us
2025-05-23T22:50:53.168Z,25.4627,141.9557,64.321,4.3,mb,13,148,1.639,1.31,us,us6000qi7u,2025-06-26T23:24:10.040Z,"Volcano Islands, Japan region",earthquake,15.02,10.217,0.201,8,reviewed,us,us
2025-05-23T14:44:31.870Z,36.7938,141.287,43.945,4.5,mb,67,114,1.679,0.73,us,us7000q12t,2025-06-27T14:00:03.040Z,"45 km SE of Iwaki, Japan",earthquake,8.35,7.822,0.073,54,reviewed,us,us
2025-05-22T21:28:00.611Z,41.9147,142.532,48,5.4,mww,115,91,0.477,0.61,us,us7000q0yk,2025-06-08T21:17:16.884Z,"33 km SW of Urakawa, Japan",earthquake,5.36,1.906,0.069,20,reviewed,us,us
2025-05-22T06:33:04.359Z,25.9216,126.977,55.306,4.2,mb,26,120,1.476,1.11,us,us6000qi67,2025-06-10T06:59:31.040Z,"72 km WSW of Itoman, Japan",earthquake,9.51,9.86,0.159,11,reviewed,us,us
2025-05-21T11:32:42.327Z,31.3589,140.9594,53.822,4.6,mb,69,113,2.002,0.53,us,us7000q0in,2025-06-10T06:04:07.040Z,"Izu Islands, Japan region",earthquake,10.47,7.822,0.074,55,reviewed,us,us
2025-05-21T04:03:10.771Z,26.6404,126.1932,142.521,4.3,mb,56,56,1.87,1.07,us,us7000q0he,2025-06-07T22:45:42.040Z,"155 km WNW of Naha, Japan",earthquake,8.46,7.689,0.084,40,reviewed,us,us
2025-05-20T13:12:15.960Z,37.6763,141.7939,61.973,4.3,mb,15,161,3.081,0.36,us,us6000qhq6,2025-06-10T16:00:34.040Z,"72 km E of Minami-Sōma, Japan",earthquake,8.64,10.481,0.237,5,reviewed,us,us
2025-05-20T00:14:38.163Z,26.5855,129.5422,10,4.1,mb,18,91,1.163,0.68,us,us6000qhpq,2025-06-11T00:04:29.040Z,"125 km SE of Wadomari, Japan",earthquake,4.44,1.784,0.158,11,reviewed,us,us
2025-05-19T04:16:11.581Z,41.2822,142.7532,40.195,4.3,mb,32,142,0.792,0.91,us,us7000q03j,2025-06-09T02:28:49.040Z,"94 km S of Honchō, Japan",earthquake,6.2,8.466,0.122,19,reviewed,us,us
2025-05-19T03:14:40.863Z,37.1642,141.3804,10,4.7,mb,107,95,2.618,0.68,us,us7000q03c,2025-06-09T01:37:05.040Z,"37 km ESE of Tomioka, Japan",earthquake,7.16,1.854,0.061,81,reviewed,us,us
2025-05-18T18:37:08.919Z,25.5239,141.4344,112.193,4.7,mb,62,116,1.704,1.25,us,us7000q01y,2025-06-05T15:21:21.040Z,"Volcano Islands, Japan region",earthquake,9.86,5,0.06,83,reviewed,us,us
2025-05-16T13:15:30.318Z,42.8343,144.5628,63.3,4.1,mb,58,133,1.324,0.99,us,us7000pzk2,2025-06-09T14:18:52.040Z,"21 km SE of Kushiro, Japan",earthquake,7.29,7.046,0.087,36,reviewed,us,us
2025-05-16T03:02:52.389Z,27.6641,139.8924,484.318,4.3,mb,81,82,2.115,0.64,us,us7000pzig,2025-06-06T22:26:53.040Z,"Bonin Islands, Japan region",earthquake,8.42,8.653,0.038,204,reviewed,us,us
2025-05-15T13:05:49.705Z,42.7965,143.3431,101.081,4.8,mww,118,97,0.793,0.85,us,us7000pzcn,2025-06-21T15:19:26.040Z,"16 km SSW of Ikeda, Japan",earthquake,7.3,5.498,0.11,8,reviewed,us,us
2025-05-15T01:38:10.045Z,25.1114,126.1506,35,4.3,mb,31,88,1.888,0.84,us,us7000pzae,2025-05-30T18:49:22.040Z,"91 km ENE of Miyakojima, Japan",earthquake,7.96,1.94,0.129,17,reviewed,us,us
2025-05-14T16:33:15.509Z,33.6298,140.5591,57.142,4.5,mb,62,114,0.808,0.74,us,us7000pz7x,2025-06-03T22:35:52.040Z,"163 km SSE of Tateyama, Japan",earthquake,7.34,5.828,0.081,45,reviewed,us,us
2025-05-13T23:51:56.835Z,33.8177,141.5992,10,4.5,mb,27,137,1.649,0.38,us,us6000qgfz,2025-05-28T23:06:06.040Z,"188 km SE of Katsuura, Japan",earthquake,7.94,1.904,0.131,17,reviewed,us,us
2025-05-13T16:52:34.486Z,27.2228,140.058,445.198,5.6,mww,278,30,1.899,0.59,us,us7000pyzs,2025-06-04T22:06:55.308Z,"Bonin Islands, Japan region",earthquake,9.13,4.58,0.05,39,reviewed,us,us
2025-05-13T16:44:09.076Z,38.3636,142.4686,28.542,4.1,mb,18,180,2.654,0.54,us,us6000qgfs,2025-06-04T21:47:14.040Z,"89 km E of Onagawa Chō, Japan",earthquake,9.06,8.002,0.198,7,reviewed,us,us
2025-05-13T06:50:23.355Z,29.1406,141.7524,10,4.3,mb,29,118,2.073,0.56,us,us6000qgff,2025-06-01T12:00:37.040Z,"Izu Islands, Japan region",earthquake,8.33,1.888,0.133,16,reviewed,us,us
2025-05-13T01:37:04.327Z,37.0973,140.4289,98.472,4.8,mb,154,123,1.866,0.59,us,us7000pyxl,2025-06-04T00:36:51.040Z,"2 km NE of Asakawa, Japan",earthquake,7.74,6.691,0.049,130,reviewed,us,us
2025-05-12T23:33:35.084Z,35.8935,140.1659,77.893,4.5,mb,34,145,1.71,0.51,us,us6000qg8d,2025-05-27T23:46:45.040Z,"1 km WSW of Ryūgasaki, Japan",earthquake,5.59,7.923,0.124,19,reviewed,us,us
2025-05-12T21:33:35.915Z,42.6048,141.9887,123.578,4.5,mb,142,69,1.048,0.49,us,us7000pywr,2025-05-27T21:57:42.040Z,"12 km WNW of Biratori, Japan",earthquake,6.38,5.656,0.051,111,reviewed,us,us
2025-05-12T17:23:13.133Z,26.6107,142.0317,42.683,4.1,mb,23,161,0.502,0.54,us,us6000qg80,2025-05-29T14:50:12.040Z,"Bonin Islands, Japan region",earthquake,11.46,9.338,0.139,14,reviewed,us,us
2025-05-12T14:54:29.916Z,41.5868,142.0431,60.667,5.3,mww,123,91,0.936,0.69,us,us7000pytm,2025-05-28T13:50:43.988Z,"76 km ENE of Mutsu, Japan",earthquake,4.79,4.832,0.061,26,reviewed,us,us
2025-05-11T07:15:35.642Z,32.3762,137.2337,421.052,4,mb,50,110,2.295,0.6,us,us7000pyj0,2025-05-30T11:36:26.040Z,"182 km SE of Kushimoto, Japan",earthquake,6.07,8.433,0.049,110,reviewed,us,us
2025-05-10T11:45:16.029Z,29.689,129.9032,78.512,4.7,mb,62,119,1.875,0.85,us,us7000pyev,2025-05-30T06:31:03.040Z,"81 km SW of Kurio, Japan",earthquake,7.87,7.325,0.046,140,reviewed,us,us
2025-05-09T04:34:51.695Z,36.9322,136.4174,10,4.5,mb,48,57,1.486,1.06,us,us7000py5i,2025-05-29T22:27:46.040Z,"33 km W of Hakui, Japan",earthquake,5.84,1.853,0.083,44,reviewed,us,us
2025-05-09T03:39:33.120Z,42.5231,143.8604,91.316,4.1,mb,18,186,0.728,0.62,us,us7000q13r,2025-06-12T22:05:55.040Z,"36 km SSE of Honchō, Japan",earthquake,10.76,8.818,0.157,11,reviewed,us,us
2025-05-09T03:24:04.593Z,41.7225,143.4689,40.341,4.5,mb,76,133,0.374,0.75,us,us7000py5c,2025-05-29T22:22:37.040Z,"63 km SSE of Hiroo, Japan",earthquake,6.42,6.036,0.053,103,reviewed,us,us
2025-05-09T03:17:41.557Z,34.5946,140.4511,96.05,4.1,mb,23,137,1.568,0.73,us,us7000q13q,2025-05-23T22:26:53.040Z,"62 km SSE of Katsuura, Japan",earthquake,9.87,8.161,0.139,14,reviewed,us,us
2025-05-07T20:20:00.932Z,32.2551,142.023,10,4.4,mb,39,130,2.051,0.52,us,us7000q0v6,2025-05-25T16:56:52.040Z,"Izu Islands, Japan region",earthquake,8.97,1.895,0.117,21,reviewed,us,us
2025-05-07T19:42:43.203Z,30.5385,142.5222,10,4.5,mb,23,114,3.443,0.25,us,us7000q0v5,2025-05-25T16:44:37.040Z,"Izu Islands, Japan region",earthquake,10.09,1.902,0.164,11,reviewed,us,us
2025-05-07T15:57:52.537Z,29.9971,131.046,36.263,4.4,mb,24,135,1.591,0.53,us,us7000q0v1,2025-05-22T21:26:47.040Z,"55 km ESE of Koshima, Japan",earthquake,8.23,8.378,0.155,12,reviewed,us,us
2025-05-07T10:50:42.166Z,29.9855,131.0793,34.786,4.5,mb,39,135,1.612,0.45,us,us7000pxpc,2025-05-27T04:49:08.040Z,"59 km ESE of Koshima, Japan",earthquake,8.07,6.279,0.121,20,reviewed,us,us
2025-05-07T02:15:26.359Z,30.0282,131.1112,35,4.6,mb,73,136,1.581,0.84,us,us7000pxmb,2025-05-24T04:15:45.040Z,"59 km SE of Koseda, Japan",earthquake,7.27,1.918,0.071,59,reviewed,us,us
2025-05-06T09:22:15.974Z,38.7303,141.8769,69.795,4.4,mb,41,142,2.15,0.62,us,us7000pxgj,2025-07-12T16:30:47.040Z,"40 km SSE of Ōfunato, Japan",earthquake,6.56,7.742,0.112,23,reviewed,us,us
2025-05-06T04:03:53.495Z,41.0209,138.6895,242.609,4,mb,37,88,1.815,0.65,us,us7000pxfc,2025-07-12T16:30:46.040Z,"112 km WNW of Fukaura, Japan",earthquake,9.17,10.309,0.125,17,reviewed,us,us
2025-05-04T21:14:50.521Z,36.7184,142.1148,35,4.4,mb,45,154,3.147,0.75,us,us7000px58,2025-07-12T16:30:45.040Z,"115 km ESE of Iwaki, Japan",earthquake,8.38,1.876,0.098,30,reviewed,us,us
2025-05-04T16:34:53.993Z,36.3677,140.9392,49.692,4.5,mb,59,114,2.208,0.68,us,us7000px43,2025-07-12T16:30:45.040Z,"32 km E of Ōarai, Japan",earthquake,5.19,7.342,0.061,79,reviewed,us,us
2025-05-04T08:44:00.623Z,29.1108,141.0553,83.015,4.5,mb,33,108,2.242,0.86,us,us7000px20,2025-07-12T16:30:44.040Z,"Izu Islands, Japan region",earthquake,11.49,1.504,0.084,41,reviewed,us,us
2025-05-04T06:20:19.643Z,25.9176,128.267,10,4.2,mb,25,144,0.915,0.52,us,us7000q0ct,2025-07-12T16:30:49.040Z,"60 km ESE of Yonabaru, Japan",earthquake,4.39,1.919,0.136,15,reviewed,us,us
2025-05-04T04:54:23.073Z,25.9551,128.4221,10,4.5,mb,29,79,0.888,0.76,us,us7000q0cq,2025-07-12T16:30:49.040Z,"68 km SE of Katsuren-haebaru, Japan",earthquake,4.95,1.782,0.135,18,reviewed,us,us
2025-05-04T03:48:17.874Z,29.2375,142.0838,10,5.2,mww,88,121,2.136,1.1,us,us7000px0q,2025-07-12T16:30:44.040Z,"Izu Islands, Japan region",earthquake,8.31,1.814,0.073,18,reviewed,us,us
2025-05-04T03:35:42.731Z,35.6059,139.6685,77.823,4.5,mb,47,90,1.512,0.77,us,us7000px0j,2025-07-12T16:30:44.040Z,"7 km SSW of Motoyoyogichō, Japan",earthquake,7.68,7.53,0.079,49,reviewed,us,us
2025-05-03T11:15:12.145Z,30.5301,141.7083,10,4.3,mb,24,142,3.04,0.83,us,us7000q06p,2025-07-12T16:30:49.040Z,"Izu Islands, Japan region",earthquake,10.46,1.906,0.142,14,reviewed,us,us
2025-05-02T15:52:44.305Z,30.5024,138.3422,434.476,4.2,mb,129,104,2.89,0.74,us,us7000pwms,2025-07-12T16:30:42.040Z,"Izu Islands, Japan region",earthquake,10.56,7.499,0.04,178,reviewed,us,us
2025-05-02T11:57:44.474Z,30.8214,143.0275,10,4.4,mb,97,134,3.562,0.67,us,us7000pwkh,2025-07-12T16:30:42.040Z,"Izu Islands, Japan region",earthquake,9.26,1.874,0.06,81,reviewed,us,us
2025-05-02T01:44:49.018Z,31.1477,131.1908,65.047,4.4,mb,46,146,0.727,0.75,us,us7000pwhs,2025-07-12T16:30:41.040Z,"34 km SSE of Ōsaki, Japan",earthquake,8.6,7.004,0.086,40,reviewed,us,us
2025-04-30T04:22:17.606Z,24.9808,141.3561,147.092,4.1,mb,23,153,2.234,0.63,us,us7000pzel,2025-07-12T16:30:48.040Z,"Volcano Islands, Japan region",earthquake,13.37,9.457,0.134,15,reviewed,us,us
2025-04-29T21:15:37.634Z,26.9264,127.2885,100.676,4.3,mb,46,63,0.883,0.49,us,us7000pzdw,2025-07-11T15:46:26.040Z,"57 km WNW of Ie, Japan",earthquake,9.3,7.655,0.094,32,reviewed,us,us
2025-04-29T17:30:34.186Z,38.4027,141.3992,63.303,4.2,mb,26,201,2.398,0.3,us,us7000pzdr,2025-07-11T15:46:26.040Z,"6 km SW of Onagawa Chō, Japan",earthquake,10.92,12.318,0.127,17,reviewed,us,us
2025-04-28T06:37:26.132Z,41.9007,142.5311,62.248,4.6,mb,117,112,0.481,0.57,us,us7000pvi0,2025-07-11T15:46:22.040Z,"35 km SW of Urakawa, Japan",earthquake,6.74,7.187,0.053,106,reviewed,us,us
2025-04-27T11:46:05.936Z,24.3712,142.0546,102.047,4.4,mb,82,126,2.715,0.49,us,us7000pz05,2025-07-11T15:46:25.040Z,"Volcano Islands, Japan region",earthquake,10.8,7.501,0.065,69,reviewed,us,us
2025-04-27T08:39:28.095Z,39.7463,141.9998,65.795,4.1,mb,18,156,1.264,0.95,us,us7000pz02,2025-07-11T15:46:25.040Z,"12 km NNE of Miyako, Japan",earthquake,5.61,8.798,0.165,10,reviewed,us,us
2025-04-27T05:01:59.901Z,38.2209,141.6843,67.326,4.3,mb,32,156,2.609,0.63,us,us7000pz04,2025-07-11T15:46:25.040Z,"32 km SE of Onagawa Chō, Japan",earthquake,9.62,8.998,0.143,14,reviewed,us,us
2025-04-26T19:46:03.374Z,30.6446,138.5539,375.902,4.1,mb,52,89,2.686,0.74,us,us7000pv9v,2025-07-11T15:46:21.040Z,"Izu Islands, Japan region",earthquake,10.63,8.696,0.077,50,reviewed,us,us
2025-04-26T03:06:54.423Z,32.5305,130.386,10,4.3,mb,28,110,1.02,0.77,us,us7000pv6a,2025-07-11T15:46:20.040Z,"19 km ENE of Amakusa, Japan",earthquake,6.13,1.868,0.129,17,reviewed,us,us
2025-04-26T00:05:18.376Z,38.5797,141.8419,71.988,4.4,mb,38,153,2.287,0.54,us,us7000pv57,2025-07-11T15:46:20.040Z,"37 km ENE of Onagawa Chō, Japan",earthquake,10.16,8.232,0.095,32,reviewed,us,us
2025-04-24T00:07:53.351Z,40.4933,141.8368,65.988,4.5,mb,93,127,0.658,0.72,us,us7000pumd,2025-07-11T15:46:19.040Z,"28 km E of Hachinohe, Japan",earthquake,6.04,6.232,0.062,76,reviewed,us,us
